[
	{
		"name": "A Coruña",
		"regionCode": "C"
	},
	{
		"name": "Albacete",
		"regionCode": "AB"
	},
	{
		"name": "Alicante",
		"regionCode": "A"
	},
	{
		"name": "Almería",
		"regionCode": "AL"
	},
	{
		"name": "Andalucía",
		"regionCode": "AN"
	},
	{
		"name": "Araba/Álava",
		"regionCode": "VI"
	},
	{
		"name": "Aragón",
		"regionCode": "AR"
	},
	{
		"name": "Asturias",
		"regionCode": "O"
	},
	{
		"name": "Asturias, Principado de",
		"regionCode": "AS"
	},
	{
		"name": "Ávila",
		"regionCode": "AV"
	},
	{
		"name": "Badajoz",
		"regionCode": "BA"
	},
	{
		"name": "Balears",
		"regionCode": "PM"
	},
	{
		"name": "Barcelona",
		"regionCode": "B"
	},
	{
		"name": "Bizkaia",
		"regionCode": "BI"
	},
	{
		"name": "Burgos",
		"regionCode": "BU"
	},
	{
		"name": "Cáceres",
		"regionCode": "CC"
	},
	{
		"name": "Cádiz",
		"regionCode": "CA"
	},
	{
		"name": "Canarias",
		"regionCode": "CN"
	},
	{
		"name": "Cantabria",
		"regionCode": "CB"
	},
	{
		"name": "Cantabria (autonomous)",
		"regionCode": "S"
	},
	{
		"name": "Castelló",
		"regionCode": "CS"
	},
	{
		"name": "Castilla y León",
		"regionCode": "CL"
	},
	{
		"name": "Castilla-La Mancha",
		"regionCode": "CM"
	},
	{
		"name": "Catalunya",
		"regionCode": "CT"
	},
	{
		"name": "Ceuta",
		"regionCode": "CE"
	},
	{
		"name": "Ciudad Real",
		"regionCode": "CR"
	},
	{
		"name": "Córdoba",
		"regionCode": "CO"
	},
	{
		"name": "Cuenca",
		"regionCode": "CU"
	},
	{
		"name": "Extremadura",
		"regionCode": "EX"
	},
	{
		"name": "Galicia",
		"regionCode": "GA"
	},
	{
		"name": "Gipuzkoa",
		"regionCode": "SS"
	},
	{
		"name": "Girona",
		"regionCode": "GI"
	},
	{
		"name": "Granada",
		"regionCode": "GR"
	},
	{
		"name": "Guadalajara",
		"regionCode": "GU"
	},
	{
		"name": "Huelva",
		"regionCode": "H"
	},
	{
		"name": "Huesca",
		"regionCode": "HU"
	},
	{
		"name": "Illes Balears",
		"regionCode": "IB"
	},
	{
		"name": "Jaén",
		"regionCode": "J"
	},
	{
		"name": "La Rioja",
		"regionCode": "LO"
	},
	{
		"name": "La Rioja (autonomous)",
		"regionCode": "RI"
	},
	{
		"name": "Las Palmas",
		"regionCode": "GC"
	},
	{
		"name": "León",
		"regionCode": "LE"
	},
	{
		"name": "Lleida",
		"regionCode": "L"
	},
	{
		"name": "Lugo",
		"regionCode": "LU"
	},
	{
		"name": "Madrid",
		"regionCode": "M"
	},
	{
		"name": "Madrid, Comunidad de",
		"regionCode": "MD"
	},
	{
		"name": "Málaga",
		"regionCode": "MA"
	},
	{
		"name": "Melilla",
		"regionCode": "ML"
	},
	{
		"name": "Murcia",
		"regionCode": "MU"
	},
	{
		"name": "Murcia, Región de",
		"regionCode": "MC"
	},
	{
		"name": "Navarra",
		"regionCode": null
	},
	{
		"name": "Navarra, Comunidad Foral de",
		"regionCode": "NC"
	},
	{
		"name": "Ourense",
		"regionCode": "OR"
	},
	{
		"name": "Pais Vasco",
		"regionCode": "PV"
	},
	{
		"name": "Palencia",
		"regionCode": "P"
	},
	{
		"name": "Pontevedra",
		"regionCode": "PO"
	},
	{
		"name": "Salamanca",
		"regionCode": "SA"
	},
	{
		"name": "Santa Cruz de Tenerife",
		"regionCode": "TF"
	},
	{
		"name": "Segovia",
		"regionCode": "SG"
	},
	{
		"name": "Sevilla",
		"regionCode": "SE"
	},
	{
		"name": "Soria",
		"regionCode": "SO"
	},
	{
		"name": "Tarragona",
		"regionCode": "T"
	},
	{
		"name": "Teruel",
		"regionCode": "TE"
	},
	{
		"name": "Toledo",
		"regionCode": "TO"
	},
	{
		"name": "Valencia",
		"regionCode": "V"
	},
	{
		"name": "Valenciana, Comunidad",
		"regionCode": "VC"
	},
	{
		"name": "Valladolid",
		"regionCode": "VA"
	},
	{
		"name": "Zamora",
		"regionCode": "ZA"
	},
	{
		"name": "Zaragoza",
		"regionCode": "Z"
	}
]